id,type,domain,enabled,date_added,date_modified,comment
1,0,ssl.google-analytics.com,1,1579457040,1610849366,"Migrated from /etc/pihole/whitelist.txt"
2,0,e.crashlytics.com,1,1579457040,1610849366,"Migrated from /etc/pihole/whitelist.txt"
3,0,settings.crashlytics.com,1,1579457040,1610849366,"Migrated from /etc/pihole/whitelist.txt"
4,0,bit.ly,1,1579457040,1610849366,"Migrated from /etc/pihole/whitelist.txt"
5,0,ow.ly,1,1579457040,1610849366,"Migrated from /etc/pihole/whitelist.txt"
6,0,j.mp,1,1579457040,1610849366,"Migrated from /etc/pihole/whitelist.txt"
7,0,goo.gl,1,1579457040,1610849366,"Migrated from /etc/pihole/whitelist.txt"
8,0,s3.amazonaws.com,1,1579457040,1610849366,"Migrated from /etc/pihole/whitelist.txt"
9,0,clients2.google.com,1,1579457040,1610849366,"Migrated from /etc/pihole/whitelist.txt"
10,0,clients3.google.com,1,1579457040,1610849366,"Migrated from /etc/pihole/whitelist.txt"
11,0,clients4.google.com,1,1579457040,1610849366,"Migrated from /etc/pihole/whitelist.txt"
12,0,clients5.google.com,1,1579457040,1610849366,"Migrated from /etc/pihole/whitelist.txt"
13,0,ea.com,1,1579457040,1610849366,"Migrated from /etc/pihole/whitelist.txt"
14,0,cdn.optimizely.com,1,1579457040,1610849366,"Migrated from /etc/pihole/whitelist.txt"
15,0,rover.ebay.com,1,1579457040,1610849366,"Migrated from /etc/pihole/whitelist.txt"
16,0,imgs.xkcd.com,1,1579457040,1610849366,"Migrated from /etc/pihole/whitelist.txt"
17,0,res.cloudinary.com,1,1579457040,1610849366,"Migrated from /etc/pihole/whitelist.txt"
18,0,gravatar.com,1,1579457040,1610849366,"Migrated from /etc/pihole/whitelist.txt"
19,0,netflix.com,1,1579457040,1610849366,"Migrated from /etc/pihole/whitelist.txt"
20,0,s.youtube.com,1,1579457040,1610849366,"Migrated from /etc/pihole/whitelist.txt"
21,0,video-stats.l.google.com,1,1579457040,1610849366,"Migrated from /etc/pihole/whitelist.txt"
22,0,android.clients.google.com,1,1579457040,1610849366,"Migrated from /etc/pihole/whitelist.txt"
23,0,www.msftncsi.com,1,1579457040,1610849366,"Migrated from /etc/pihole/whitelist.txt"
24,0,outlook.office365.com,1,1579457040,1610849366,"Migrated from /etc/pihole/whitelist.txt"
25,0,products.office.com,1,1579457040,1610849366,"Migrated from /etc/pihole/whitelist.txt"
26,0,c.s-microsoft.com,1,1579457040,1610849366,"Migrated from /etc/pihole/whitelist.txt"
27,0,i.s-microsoft.com,1,1579457040,1610849366,"Migrated from /etc/pihole/whitelist.txt"
28,0,login.live.com,1,1579457040,1610849366,"Migrated from /etc/pihole/whitelist.txt"
29,0,g.live.com,1,1579457040,1610849366,"Migrated from /etc/pihole/whitelist.txt"
30,0,dl.delivery.mp.microsoft.com,1,1579457040,1610849366,"Migrated from /etc/pihole/whitelist.txt"
31,0,geo-prod.do.dsp.mp.microsoft.com,1,1579457040,1610849366,"Migrated from /etc/pihole/whitelist.txt"
32,0,displaycatalog.mp.microsoft.com,1,1579457040,1610849366,"Migrated from /etc/pihole/whitelist.txt"
33,0,officeclient.microsoft.com,1,1579457040,1610849366,"Migrated from /etc/pihole/whitelist.txt"
34,0,creative.ak.fbcdn.net,1,1579457040,1610849366,"Migrated from /etc/pihole/whitelist.txt"
35,0,external-lhr0-1.xx.fbcdn.net,1,1579457040,1610849366,"Migrated from /etc/pihole/whitelist.txt"
36,0,external-lhr1-1.xx.fbcdn.net,1,1579457040,1610849366,"Migrated from /etc/pihole/whitelist.txt"
37,0,external-lhr10-1.xx.fbcdn.net,1,1579457040,1610849366,"Migrated from /etc/pihole/whitelist.txt"
38,0,external-lhr2-1.xx.fbcdn.net,1,1579457040,1610849366,"Migrated from /etc/pihole/whitelist.txt"
39,0,external-lhr3-1.xx.fbcdn.net,1,1579457040,1610849366,"Migrated from /etc/pihole/whitelist.txt"
40,0,external-lhr4-1.xx.fbcdn.net,1,1579457040,1610849366,"Migrated from /etc/pihole/whitelist.txt"
41,0,external-lhr5-1.xx.fbcdn.net,1,1579457040,1610849366,"Migrated from /etc/pihole/whitelist.txt"
42,0,external-lhr6-1.xx.fbcdn.net,1,1579457040,1610849366,"Migrated from /etc/pihole/whitelist.txt"
43,0,external-lhr7-1.xx.fbcdn.net,1,1579457040,1610849366,"Migrated from /etc/pihole/whitelist.txt"
44,0,external-lhr8-1.xx.fbcdn.net,1,1579457040,1610849366,"Migrated from /etc/pihole/whitelist.txt"
45,0,external-lhr9-1.xx.fbcdn.net,1,1579457040,1610849366,"Migrated from /etc/pihole/whitelist.txt"
46,0,fbcdn-creative-a.akamaihd.net,1,1579457040,1610849366,"Migrated from /etc/pihole/whitelist.txt"
47,0,scontent-lhr3-1.xx.fbcdn.net,1,1579457040,1610849366,"Migrated from /etc/pihole/whitelist.txt"
48,0,scontent.xx.fbcdn.net,1,1579457040,1610849366,"Migrated from /etc/pihole/whitelist.txt"
49,0,scontent.fgdl5-1.fna.fbcdn.net,1,1579457040,1610849366,"Migrated from /etc/pihole/whitelist.txt"
50,0,graph.facebook.com,1,1579457040,1610849366,"Migrated from /etc/pihole/whitelist.txt"
51,0,connect.facebook.com,1,1579457040,1610849366,"Migrated from /etc/pihole/whitelist.txt"
52,0,cdn.fbsbx.com,1,1579457040,1610849366,"Migrated from /etc/pihole/whitelist.txt"
53,0,dl.dropboxusercontent.com,1,1579457040,1610849366,"Migrated from /etc/pihole/whitelist.txt"
54,0,ns1.dropbox.com,1,1579457040,1610849366,"Migrated from /etc/pihole/whitelist.txt"
55,0,ns2.dropbox.com,1,1579457040,1610849366,"Migrated from /etc/pihole/whitelist.txt"
56,0,dl.google.com,1,1579457040,1610849366,"Migrated from /etc/pihole/whitelist.txt"
57,0,app-analytics.snapchat.com,1,1579457040,1610849366,"Migrated from /etc/pihole/whitelist.txt"
58,0,sc-analytics.appspot.com,1,1579457040,1610849366,"Migrated from /etc/pihole/whitelist.txt"
59,0,cf-st.sc-cdn.net,1,1579457040,1610849366,"Migrated from /etc/pihole/whitelist.txt"
60,0,gfwsl.geforce.com,1,1579457040,1610849366,"Migrated from /etc/pihole/whitelist.txt"
61,0,win1710.ipv6.microsoft.com,1,1579457040,1610849366,"Migrated from /etc/pihole/whitelist.txt"
62,0,nexus.officeapps.live.com,1,1579457040,1610849366,"Migrated from /etc/pihole/whitelist.txt"
63,0,settings-win.data.microsoft.com,1,1579457040,1610849366,"Migrated from /etc/pihole/whitelist.txt"
64,0,events.gfe.nvidia.com,1,1579457040,1610849367,"Migrated from /etc/pihole/whitelist.txt"
65,0,v10.vortex-win.data.microsoft.com,1,1579457040,1610849367,"Migrated from /etc/pihole/whitelist.txt"
66,0,gfe.nvidia.com,1,1579457040,1610849367,"Migrated from /etc/pihole/whitelist.txt"
67,0,kotaku.com,1,1579457040,1610849367,"Migrated from /etc/pihole/whitelist.txt"
68,0,amazon.ca,1,1579457040,1610849367,"Migrated from /etc/pihole/whitelist.txt"
69,0,s7d2.scene7.com,1,1579457040,1610849367,"Migrated from /etc/pihole/whitelist.txt"
70,0,www.res-x.com,1,1579457040,1610849367,"Migrated from /etc/pihole/whitelist.txt"
71,0,seal.digicert.com,1,1579457040,1610849367,"Migrated from /etc/pihole/whitelist.txt"
72,0,display.ugc.bazaarvoice.com,1,1579457040,1610849367,"Migrated from /etc/pihole/whitelist.txt"
73,0,donsphoto.com,1,1579457040,1610849367,"Migrated from /etc/pihole/whitelist.txt"
74,0,static1.squarespace.com,1,1579457040,1610849367,"Migrated from /etc/pihole/whitelist.txt"
75,0,www.thebeaverton.com,1,1579457040,1610849367,"Migrated from /etc/pihole/whitelist.txt"
76,0,s3-us-west-2.amazonaws.com,1,1579457040,1610849367,"Migrated from /etc/pihole/whitelist.txt"
77,0,thepiratebay.org,1,1579457040,1610849367,"Migrated from /etc/pihole/whitelist.txt"
78,0,www.surveymonkey.com,1,1579457040,1610849367,"Migrated from /etc/pihole/whitelist.txt"
79,0,mgtracker.org,1,1579457040,1610849367,"Migrated from /etc/pihole/whitelist.txt"
80,0,tracker.openbittorrent.com,1,1579457040,1610849367,"Migrated from /etc/pihole/whitelist.txt"
81,0,tracker.opentrackr.org,1,1579457040,1610849367,"Migrated from /etc/pihole/whitelist.txt"
82,0,tfa5e.top,1,1579457040,1610849367,"Migrated from /etc/pihole/whitelist.txt"
83,0,storage.googleapis.com,1,1579457040,1610849367,"Migrated from /etc/pihole/whitelist.txt"
84,0,you.tube,1,1579457040,1610849367,"Migrated from /etc/pihole/whitelist.txt"
85,0,youtu.be,1,1579457040,1610849367,"Migrated from /etc/pihole/whitelist.txt"
86,0,s1.wp.com,1,1579457040,1610849367,"Migrated from /etc/pihole/whitelist.txt"
87,0,s0.wp.com,1,1579457040,1610849367,"Migrated from /etc/pihole/whitelist.txt"
88,0,www.liveleak.com,1,1579457040,1610849367,"Migrated from /etc/pihole/whitelist.txt"
89,0,s3-eu-west-1.amazonaws.com,1,1579457040,1610849367,"Migrated from /etc/pihole/whitelist.txt"
90,0,s3-eu-west-2.amazonaws.com,1,1579457040,1610849367,"Migrated from /etc/pihole/whitelist.txt"
91,0,www.cyclingforums.com,1,1579457040,1610849367,"Migrated from /etc/pihole/whitelist.txt"
92,0,ransomwaretracker.abuse.ch,1,1579457040,1610849367,"Migrated from /etc/pihole/whitelist.txt"
93,0,0.client-channel.google.com,1,1579457040,1610849367,"Migrated from /etc/pihole/whitelist.txt"
94,0,2.android.pool.ntp.org,1,1579457040,1610849367,"Migrated from /etc/pihole/whitelist.txt"
95,0,appsbackup-pa.clients6.google.com,1,1579457040,1610849367,"Migrated from /etc/pihole/whitelist.txt"
96,0,appsbackup-pa.googleapis.com,1,1579457040,1610849367,"Migrated from /etc/pihole/whitelist.txt"
97,0,clients1.google.com,1,1579457040,1610849367,"Migrated from /etc/pihole/whitelist.txt"
98,0,clients6.google.com,1,1579457040,1610849367,"Migrated from /etc/pihole/whitelist.txt"
99,0,cse.google.com,1,1579457040,1610849367,"Migrated from /etc/pihole/whitelist.txt"
100,0,fonts.gstatic.com,1,1579457040,1610849367,"Migrated from /etc/pihole/whitelist.txt"
101,0,geo3.ggpht.com,1,1579457040,1610849367,"Migrated from /etc/pihole/whitelist.txt"
102,0,googleapis.com,1,1579457040,1610849367,"Migrated from /etc/pihole/whitelist.txt"
103,0,gstatic.com,1,1579457040,1610849367,"Migrated from /etc/pihole/whitelist.txt"
104,0,www.googleapis.com,1,1579457040,1610849367,"Migrated from /etc/pihole/whitelist.txt"
105,0,yt3.ggpht.com,1,1579457040,1610849367,"Migrated from /etc/pihole/whitelist.txt"
106,0,dl.dropbox.com,1,1579457040,1610849367,"Migrated from /etc/pihole/whitelist.txt"
107,0,app-api.ted.com,1,1579457040,1610849367,"Migrated from /etc/pihole/whitelist.txt"
108,0,hls.ted.com,1,1579457040,1610849367,"Migrated from /etc/pihole/whitelist.txt"
109,0,tedcdn.com,1,1579457040,1610849367,"Migrated from /etc/pihole/whitelist.txt"
110,0,akamaihd.net,1,1579457040,1610849367,"Migrated from /etc/pihole/whitelist.txt"
111,0,akamaitechnologies.com,1,1579457040,1610849367,"Migrated from /etc/pihole/whitelist.txt"
112,0,akamaized.net,1,1579457040,1610849367,"Migrated from /etc/pihole/whitelist.txt"
113,0,aspnetcdn.com,1,1579457040,1610849367,"Migrated from /etc/pihole/whitelist.txt"
114,0,cdn.embedly.com,1,1579457040,1610849367,"Migrated from /etc/pihole/whitelist.txt"
115,0,cdn2.optimizely.com,1,1579457040,1610849368,"Migrated from /etc/pihole/whitelist.txt"
116,0,cdn3.optimizely.com,1,1579457040,1610849368,"Migrated from /etc/pihole/whitelist.txt"
117,0,cdnjs.cloudflare.com,1,1579457040,1610849368,"Migrated from /etc/pihole/whitelist.txt"
118,0,ec-ns.sascdn.com,1,1579457040,1610849368,"Migrated from /etc/pihole/whitelist.txt"
119,0,ssl.p.jwpcdn.com,1,1579457040,1610849368,"Migrated from /etc/pihole/whitelist.txt"
120,0,widget-cdn.rpxnow.com,1,1579457040,1610849368,"Migrated from /etc/pihole/whitelist.txt"
121,0,t.co,1,1579457040,1610849368,"Migrated from /etc/pihole/whitelist.txt"
122,0,1drv.com,1,1579457040,1610849368,"Migrated from /etc/pihole/whitelist.txt"
123,0,ctldl.windowsupdate.com,1,1579457040,1610849368,"Migrated from /etc/pihole/whitelist.txt"
124,0,dns.msftncsi.com,1,1579457040,1610849368,"Migrated from /etc/pihole/whitelist.txt"
125,0,microsoft.com,1,1579457040,1610849368,"Migrated from /etc/pihole/whitelist.txt"
126,0,msftncsi.com,1,1579457040,1610849368,"Migrated from /etc/pihole/whitelist.txt"
127,0,onedrive.live.com,1,1579457040,1610849368,"Migrated from /etc/pihole/whitelist.txt"
128,0,support.microsoft.com,1,1579457040,1610849368,"Migrated from /etc/pihole/whitelist.txt"
129,0,win10.ipv6.microsoft.com,1,1579457040,1610849368,"Migrated from /etc/pihole/whitelist.txt"
130,0,attestation.xboxlive.com,1,1579457040,1610849368,"Migrated from /etc/pihole/whitelist.txt"
131,0,cert.mgt.xboxlive.com,1,1579457040,1610849368,"Migrated from /etc/pihole/whitelist.txt"
132,0,clientconfig.passport.net,1,1579457040,1610849368,"Migrated from /etc/pihole/whitelist.txt"
133,0,def-vef.xboxlive.com,1,1579457040,1610849368,"Migrated from /etc/pihole/whitelist.txt"
134,0,device.auth.xboxlive.com,1,1579457040,1610849368,"Migrated from /etc/pihole/whitelist.txt"
135,0,eds.xboxlive.com,1,1579457040,1610849368,"Migrated from /etc/pihole/whitelist.txt"
136,0,help.ui.xboxlive.com,1,1579457040,1610849368,"Migrated from /etc/pihole/whitelist.txt"
137,0,licensing.xboxlive.com,1,1579457040,1610849368,"Migrated from /etc/pihole/whitelist.txt"
138,0,notify.xboxlive.com,1,1579457040,1610849368,"Migrated from /etc/pihole/whitelist.txt"
139,0,title.auth.xboxlive.com,1,1579457040,1610849368,"Migrated from /etc/pihole/whitelist.txt"
140,0,title.mgt.xboxlive.com,1,1579457040,1610849368,"Migrated from /etc/pihole/whitelist.txt"
141,0,www.xboxlive.com,1,1579457040,1610849368,"Migrated from /etc/pihole/whitelist.txt"
142,0,xbox.ipv6.microsoft.com,1,1579457040,1610849368,"Migrated from /etc/pihole/whitelist.txt"
143,0,xboxexperiencesprod.experimentation.xboxlive.com,1,1579457040,1610849368,"Migrated from /etc/pihole/whitelist.txt"
144,0,xflight.xboxlive.com,1,1579457040,1610849368,"Migrated from /etc/pihole/whitelist.txt"
145,0,xkms.xboxlive.com,1,1579457040,1610849368,"Migrated from /etc/pihole/whitelist.txt"
146,0,xsts.auth.xboxlive.com,1,1579457040,1610849368,"Migrated from /etc/pihole/whitelist.txt"
147,0,keystone.mwbsys.com,1,1579457040,1610849368,"Migrated from /etc/pihole/whitelist.txt"
148,0,app.plex.tv,1,1579457040,1610849368,"Migrated from /etc/pihole/whitelist.txt"
149,0,cpms.spop10.ams.plex.bz,1,1579457040,1610849368,"Migrated from /etc/pihole/whitelist.txt"
150,0,cpms35.spop10.ams.plex.bz,1,1579457040,1610849368,"Migrated from /etc/pihole/whitelist.txt"
151,0,dashboard.plex.tv,1,1579457040,1610849368,"Migrated from /etc/pihole/whitelist.txt"
152,0,meta-db-worker02.pop.ric.plex.bz,1,1579457040,1610849368,"Migrated from /etc/pihole/whitelist.txt"
153,0,meta.plex.bz,1,1579457040,1610849368,"Migrated from /etc/pihole/whitelist.txt"
154,0,meta.plex.tv,1,1579457040,1610849368,"Migrated from /etc/pihole/whitelist.txt"
155,0,my.plexapp.com,1,1579457040,1610849368,"Migrated from /etc/pihole/whitelist.txt"
156,0,nine.plugins.plexapp.com,1,1579457040,1610849368,"Migrated from /etc/pihole/whitelist.txt"
157,0,node.plexapp.com,1,1579457040,1610849368,"Migrated from /etc/pihole/whitelist.txt"
158,0,o1.email.plex.tv,1,1579457040,1610849368,"Migrated from /etc/pihole/whitelist.txt"
159,0,o2.sg0.plex.tv,1,1579457040,1610849368,"Migrated from /etc/pihole/whitelist.txt"
160,0,plex.tv,1,1579457040,1610849368,"Migrated from /etc/pihole/whitelist.txt"
161,0,proxy.plex.bz,1,1579457040,1610849368,"Migrated from /etc/pihole/whitelist.txt"
162,0,proxy.plex.tv,1,1579457040,1610849368,"Migrated from /etc/pihole/whitelist.txt"
163,0,proxy02.pop.ord.plex.bz,1,1579457040,1610849368,"Migrated from /etc/pihole/whitelist.txt"
164,0,pubsub.plex.bz,1,1579457040,1610849368,"Migrated from /etc/pihole/whitelist.txt"
165,0,pubsub.plex.tv,1,1579457040,1610849368,"Migrated from /etc/pihole/whitelist.txt"
166,0,staging.plex.tv,1,1579457040,1610849368,"Migrated from /etc/pihole/whitelist.txt"
167,0,status.plex.tv,1,1579457040,1610849368,"Migrated from /etc/pihole/whitelist.txt"
168,0,tvdb2.plex.tv,1,1579457040,1610849368,"Migrated from /etc/pihole/whitelist.txt"
169,0,tvthemes.plexapp.com,1,1579457040,1610849368,"Migrated from /etc/pihole/whitelist.txt"
170,0,cdn.cloudflare.net,1,1579457040,1610849368,"Migrated from /etc/pihole/whitelist.txt"
171,0,www.plex.tv,1,1579457040,1610849368,"Migrated from /etc/pihole/whitelist.txt"
172,0,www.dataplicity.com,1,1579457040,1610849368,"Migrated from /etc/pihole/whitelist.txt"
173,0,dataplicity.com,1,1579457040,1610849368,"Migrated from /etc/pihole/whitelist.txt"
174,0,dynupdate.no-ip.com,1,1579457040,1610849368,"Migrated from /etc/pihole/whitelist.txt"
175,0,no-ip.com,1,1579457040,1610849368,"Migrated from /etc/pihole/whitelist.txt"
176,0,www.no-ip.com,1,1579457040,1610849368,"Migrated from /etc/pihole/whitelist.txt"
177,0,live.com,1,1579457040,1610849368,"Migrated from /etc/pihole/whitelist.txt"
178,0,login.microsoftonline.com,1,1579457040,1610849368,"Migrated from /etc/pihole/whitelist.txt"
179,0,microsoftonline.com,1,1579457040,1610849368,"Migrated from /etc/pihole/whitelist.txt"
180,0,office.com,1,1579457040,1610849368,"Migrated from /etc/pihole/whitelist.txt"
181,0,office.net,1,1579457040,1610849368,"Migrated from /etc/pihole/whitelist.txt"
182,0,office365.com,1,1579457040,1610849368,"Migrated from /etc/pihole/whitelist.txt"
183,0,s.gateway.messenger.live.com,1,1579457040,1610849368,"Migrated from /etc/pihole/whitelist.txt"
184,0,i.ytimg.com,1,1579457040,1610849368,"Migrated from /etc/pihole/whitelist.txt"
185,0,i1.ytimg.com,1,1579457040,1610849368,"Migrated from /etc/pihole/whitelist.txt"
186,0,manifest.googlevideo.com,1,1579457040,1610849368,"Migrated from /etc/pihole/whitelist.txt"
187,0,redirector.googlevideo.com,1,1579457040,1610849368,"Migrated from /etc/pihole/whitelist.txt"
188,0,"s2.youtube.com ",1,1579457040,1610849368,"Migrated from /etc/pihole/whitelist.txt"
189,0,s.ytimg.com,1,1579457040,1610849368,"Migrated from /etc/pihole/whitelist.txt"
190,0,www.youtube-nocookie.com,1,1579457040,1610849368,"Migrated from /etc/pihole/whitelist.txt"
191,0,youtube-nocookie.com,1,1579457040,1610849368,"Migrated from /etc/pihole/whitelist.txt"
192,0,youtube.com,1,1579457040,1610849368,"Migrated from /etc/pihole/whitelist.txt"
193,0,apt.sonarr.tv,1,1579457040,1610849368,"Migrated from /etc/pihole/whitelist.txt"
194,0,download.sonarr.tv,1,1579457040,1610849368,"Migrated from /etc/pihole/whitelist.txt"
195,0,forums.sonarr.tv,1,1579457040,1610849368,"Migrated from /etc/pihole/whitelist.txt"
196,0,services.sonarr.tv,1,1579457040,1610849368,"Migrated from /etc/pihole/whitelist.txt"
197,0,skyhook.sonarr.tv,1,1579457040,1610849368,"Migrated from /etc/pihole/whitelist.txt"
198,0,ui.skype.com,1,1579457040,1610849368,"Migrated from /etc/pihole/whitelist.txt"
199,0,apps.skype.com,1,1579457040,1610849368,"Migrated from /etc/pihole/whitelist.txt"
200,0,pricelist.skype.com,1,1579457040,1610849368,"Migrated from /etc/pihole/whitelist.txt"
201,0,skype.com,1,1579457040,1610849369,"Migrated from /etc/pihole/whitelist.txt"
202,0,www.icloud.com,1,1579457040,1610849369,"Migrated from /etc/pihole/whitelist.txt"
203,0,ax.phobos.apple.com.edgesuite.net,1,1579457040,1610849369,"Migrated from /etc/pihole/whitelist.txt"
204,0,icloud.com,1,1579457040,1610849369,"Migrated from /etc/pihole/whitelist.txt"
205,0,appleid.apple.com,1,1579457040,1610849369,"Migrated from /etc/pihole/whitelist.txt"
206,0,ocsp.apple.com,1,1579457040,1610849369,"Migrated from /etc/pihole/whitelist.txt"
207,0,wordpress.com,1,1579457040,1610849369,"Migrated from /etc/pihole/whitelist.txt"
208,0,wp.com,1,1579457040,1610849369,"Migrated from /etc/pihole/whitelist.txt"
209,0,alluremedia.com.au,1,1579457040,1610849369,"Migrated from /etc/pihole/whitelist.txt"
210,0,api.ipify.org,1,1579457040,1610849369,"Migrated from /etc/pihole/whitelist.txt"
211,0,bing.com,1,1579457040,1610849369,"Migrated from /etc/pihole/whitelist.txt"
212,0,brightcove.net,1,1579457040,1610849369,"Migrated from /etc/pihole/whitelist.txt"
213,0,secure.brightcove.com,1,1579457040,1610849369,"Migrated from /etc/pihole/whitelist.txt"
214,0,bufferapp.com,1,1579457040,1610849369,"Migrated from /etc/pihole/whitelist.txt"
215,0,crisp.chat,1,1579457040,1610849369,"Migrated from /etc/pihole/whitelist.txt"
216,0,d2c8v52ll5s99u.cloudfront.net,1,1579457040,1610849369,"Migrated from /etc/pihole/whitelist.txt"
217,0,d2gatte9o95jao.cloudfront.net,1,1579457040,1610849369,"Migrated from /etc/pihole/whitelist.txt"
218,0,drift.com,1,1579457040,1610849369,"Migrated from /etc/pihole/whitelist.txt"
219,0,driftt.com,1,1579457040,1610849369,"Migrated from /etc/pihole/whitelist.txt"
220,0,filament.io,1,1579457040,1610849369,"Migrated from /etc/pihole/whitelist.txt"
221,0,github.com,1,1579457040,1610849369,"Migrated from /etc/pihole/whitelist.txt"
222,0,github.io,1,1579457040,1610849369,"Migrated from /etc/pihole/whitelist.txt"
223,0,imagesak.secureserver.net,1,1579457040,1610849369,"Migrated from /etc/pihole/whitelist.txt"
224,0,imgix.net,1,1579457040,1610849369,"Migrated from /etc/pihole/whitelist.txt"
225,0,intercom.io,1,1579457040,1610849369,"Migrated from /etc/pihole/whitelist.txt"
226,0,jquery.com,1,1579457040,1610849369,"Migrated from /etc/pihole/whitelist.txt"
227,0,jsdelivr.net,1,1579457040,1610849369,"Migrated from /etc/pihole/whitelist.txt"
228,0,lastfm-img2.akamaized.net,1,1579457040,1610849369,"Migrated from /etc/pihole/whitelist.txt"
229,0,linkedin.com,1,1579457040,1610849369,"Migrated from /etc/pihole/whitelist.txt"
230,0,login.aliexpress.com,1,1579457040,1610849369,"Migrated from /etc/pihole/whitelist.txt"
231,0,m.hotmail.com,1,1579457040,1610849369,"Migrated from /etc/pihole/whitelist.txt"
232,0,pinterest.com,1,1579457040,1610849369,"Migrated from /etc/pihole/whitelist.txt"
233,0,placehold.it,1,1579457040,1610849369,"Migrated from /etc/pihole/whitelist.txt"
234,0,placeholdit.imgix.net,1,1579457040,1610849369,"Migrated from /etc/pihole/whitelist.txt"
235,0,players.brightcove.net,1,1579457040,1610849369,"Migrated from /etc/pihole/whitelist.txt"
236,0,raw.githubusercontent.com,1,1579457040,1610849369,"Migrated from /etc/pihole/whitelist.txt"
237,0,reddit.com,1,1579457040,1610849369,"Migrated from /etc/pihole/whitelist.txt"
238,0,s.marketwatch.com,1,1579457040,1610849369,"Migrated from /etc/pihole/whitelist.txt"
239,0,s.shopify.com,1,1579457040,1610849369,"Migrated from /etc/pihole/whitelist.txt"
240,0,sa.symcb.com,1,1579457040,1610849369,"Migrated from /etc/pihole/whitelist.txt"
241,0,secure.surveymonkey.com,1,1579457040,1610849369,"Migrated from /etc/pihole/whitelist.txt"
242,0,sharepoint.com,1,1579457040,1610849369,"Migrated from /etc/pihole/whitelist.txt"
243,0,spclient.wg.spotify.com,1,1579457040,1610849369,"Migrated from /etc/pihole/whitelist.txt"
244,0,surveymonkey.com,1,1579457040,1610849369,"Migrated from /etc/pihole/whitelist.txt"
245,0,tawk.to,1,1579457040,1610849369,"Migrated from /etc/pihole/whitelist.txt"
246,0,themoviedb.com,1,1579457040,1610849369,"Migrated from /etc/pihole/whitelist.txt"
247,0,thetvdb.com,1,1579457040,1610849369,"Migrated from /etc/pihole/whitelist.txt"
248,0,twimg.com,1,1579457040,1610849369,"Migrated from /etc/pihole/whitelist.txt"
249,0,twitter.com,1,1579457040,1610849369,"Migrated from /etc/pihole/whitelist.txt"
250,0,unsplash.com,1,1579457040,1610849369,"Migrated from /etc/pihole/whitelist.txt"
251,0,v.shopify.com,1,1579457040,1610849369,"Migrated from /etc/pihole/whitelist.txt"
252,0,vimeo.com,1,1579457040,1610849369,"Migrated from /etc/pihole/whitelist.txt"
253,0,wikipedia.org,1,1579457040,1610849369,"Migrated from /etc/pihole/whitelist.txt"
254,0,ws.audioscrobbler.com,1,1579457040,1610849369,"Migrated from /etc/pihole/whitelist.txt"
255,0,www.solaredge.com,1,1579457040,1610849369,"Migrated from /etc/pihole/whitelist.txt"
256,0,www.twitter.com,1,1579457040,1610849369,"Migrated from /etc/pihole/whitelist.txt"
257,0,yahoo.com,1,1579457040,1610849369,"Migrated from /etc/pihole/whitelist.txt"
258,0,delivery.vidible.tv,1,1579457040,1610849369,"Migrated from /etc/pihole/whitelist.txt"
259,0,img.vidible.tv,1,1579457040,1610849369,"Migrated from /etc/pihole/whitelist.txt"
260,0,videos.vidible.tv,1,1579457040,1610849369,"Migrated from /etc/pihole/whitelist.txt"
261,0,edge.api.brightcove.com,1,1579457040,1610849369,"Migrated from /etc/pihole/whitelist.txt"
262,0,cdn.vidible.tv,1,1579457040,1610849369,"Migrated from /etc/pihole/whitelist.txt"
263,0,outlook.live.com,1,1579457040,1610849369,"Migrated from /etc/pihole/whitelist.txt"
264,0,tinyurl.com,1,1579457040,1610849369,"Migrated from /etc/pihole/whitelist.txt"
265,0,nexusrules.officeapps.live.com,1,1579457040,1610849369,"Migrated from /etc/pihole/whitelist.txt"
266,0,amazonaws.com,1,1579457040,1610849369,"Migrated from /etc/pihole/whitelist.txt"
267,0,giphy.com,1,1579457040,1610849369,"Migrated from /etc/pihole/whitelist.txt"
268,0,linuxtracker.org,1,1579457040,1610849369,"Migrated from /etc/pihole/whitelist.txt"
269,0,www.linuxtracker.org,1,1579457040,1610849369,"Migrated from /etc/pihole/whitelist.txt"
270,0,om.cbsi.com,1,1579457040,1610849369,"Migrated from /etc/pihole/whitelist.txt"
271,0,dev.virtualearth.net,1,1579457040,1610849369,"Migrated from /etc/pihole/whitelist.txt"
272,0,ecn.dev.virtualearth.net,1,1579457040,1610849369,"Migrated from /etc/pihole/whitelist.txt"
273,0,t0.ssl.ak.dynamic.tiles.virtualearth.net,1,1579457040,1610849369,"Migrated from /etc/pihole/whitelist.txt"
274,0,t0.ssl.ak.tiles.virtualearth.net,1,1579457040,1610849369,"Migrated from /etc/pihole/whitelist.txt"
275,0,secure.avangate.com,1,1579457040,1610849369,"Migrated from /etc/pihole/whitelist.txt"
276,0,www.synology.com,1,1579457040,1610849370,"Migrated from /etc/pihole/whitelist.txt"
277,0,synology.com,1,1579457040,1610849370,"Migrated from /etc/pihole/whitelist.txt"
278,0,instantmessaging-pa.googleapis.com,1,1579457040,1610849370,"Migrated from /etc/pihole/whitelist.txt"
279,0,feeds.feedburner.com,1,1579457040,1610849370,"Migrated from /etc/pihole/whitelist.txt"
280,0,assets.alicdn.com,1,1579457040,1610849370,"Migrated from /etc/pihole/whitelist.txt"
281,0,m.aliexpress.com,1,1579457040,1610849370,"Migrated from /etc/pihole/whitelist.txt"
282,0,h-adashx4ae.ut.taobao.com,1,1579457040,1610849370,"Migrated from /etc/pihole/whitelist.txt"
283,0,cmap.alibaba.com,1,1579457040,1610849370,"Migrated from /etc/pihole/whitelist.txt"
284,0,ae01.alicdn.com,1,1579457040,1610849370,"Migrated from /etc/pihole/whitelist.txt"
285,0,play.googleapis.com,1,1579457040,1610849370,"Migrated from /etc/pihole/whitelist.txt"
286,0,static.criteo.net,1,1579457040,1610849370,"Migrated from /etc/pihole/whitelist.txt"
287,0,prebid.districtm.ca,1,1579457040,1610849370,"Migrated from /etc/pihole/whitelist.txt"
288,0,www.kijiji.ca,1,1579457040,1610849370,"Migrated from /etc/pihole/whitelist.txt"
289,0,www.kickstarter.com,1,1579457040,1610849370,"Migrated from /etc/pihole/whitelist.txt"
290,0,api.kickstarter.com,1,1579457040,1610849370,"Migrated from /etc/pihole/whitelist.txt"
291,0,www.aliexpress.com,1,1579457040,1610849370,"Migrated from /etc/pihole/whitelist.txt"
292,0,lighthouse.aliexpress.com,1,1579457040,1610849370,"Migrated from /etc/pihole/whitelist.txt"
293,0,aliexpress.com,1,1579457040,1610849370,"Migrated from /etc/pihole/whitelist.txt"
294,0,aeu.alicdn.com,1,1579457040,1610849370,"Migrated from /etc/pihole/whitelist.txt"
295,0,alicdn.com,1,1579457040,1610849370,"Migrated from /etc/pihole/whitelist.txt"
296,0,i.alicdn.com,1,1579457040,1610849370,"Migrated from /etc/pihole/whitelist.txt"
297,0,aeis.alicdn.com,1,1579457040,1610849370,"Migrated from /etc/pihole/whitelist.txt"
298,0,jalopnik.com,1,1579457040,1610849370,"Migrated from /etc/pihole/whitelist.txt"
299,0,amzn.to,1,1579457040,1610849370,"Migrated from /etc/pihole/whitelist.txt"
300,0,www.videolan.org,1,1579457040,1610849370,"Migrated from /etc/pihole/whitelist.txt"
301,0,freight.aliexpress.com,1,1579457040,1610849370,"Migrated from /etc/pihole/whitelist.txt"
302,0,shoppingcart.aliexpress.com,1,1579457040,1610849370,"Migrated from /etc/pihole/whitelist.txt"
303,0,feedback.aliexpress.com,1,1579457040,1610849370,"Migrated from /etc/pihole/whitelist.txt"
304,0,coupon.aliexpress.com,1,1579457040,1610849371,"Migrated from /etc/pihole/whitelist.txt"
305,0,developers.google.com,1,1579457040,1610849371,"Migrated from /etc/pihole/whitelist.txt"
306,0,9to5google.com,1,1579457040,1610849371,"Migrated from /etc/pihole/whitelist.txt"
307,0,www.digitaltrends.com,1,1579457040,1610849371,"Migrated from /etc/pihole/whitelist.txt"
308,0,www.energy.gov,1,1579457040,1610849371,"Migrated from /etc/pihole/whitelist.txt"
309,0,www.photographyblog.com,1,1579457040,1610849371,"Migrated from /etc/pihole/whitelist.txt"
310,0,ssl.gstatic.com,1,1579457040,1610849371,"Migrated from /etc/pihole/whitelist.txt"
311,0,gallery.mailchimp.com,1,1579457040,1610849371,"Migrated from /etc/pihole/whitelist.txt"
312,0,www.tiffen.com,1,1579457040,1610849371,"Migrated from /etc/pihole/whitelist.txt"
313,0,s.click.aliexpress.com,1,1579457040,1610849371,"Migrated from /etc/pihole/whitelist.txt"
314,0,pixelpeeper.com,1,1579457040,1610849371,"Migrated from /etc/pihole/whitelist.txt"
315,0,www.eightforums.com,1,1579457040,1610849371,"Migrated from /etc/pihole/whitelist.txt"
316,0,msfn.org,1,1579457040,1610849371,"Migrated from /etc/pihole/whitelist.txt"
317,0,www.tenforums.com,1,1579457040,1610849371,"Migrated from /etc/pihole/whitelist.txt"
318,0,thestarphoenix.com,1,1579457040,1610849371,"Migrated from /etc/pihole/whitelist.txt"
319,0,apps.nexus.bazaarvoice.com,1,1579457040,1610849371,"Migrated from /etc/pihole/whitelist.txt"
320,0,api.bazaarvoice.com,1,1579457040,1610849371,"Migrated from /etc/pihole/whitelist.txt"
321,0,analytics-static.ugc.bazaarvoice.com,1,1579457040,1610849371,"Migrated from /etc/pihole/whitelist.txt"
322,0,heavy.com,1,1579457040,1610849371,"Migrated from /etc/pihole/whitelist.txt"
323,0,www.g2a.com,1,1579457040,1610849371,"Migrated from /etc/pihole/whitelist.txt"
324,0,mobilesyrup.com,1,1579457040,1610849371,"Migrated from /etc/pihole/whitelist.txt"
325,0,ubisoft-orbit-savegames.s3.amazonaws.com,1,1579457040,1610849371,"Migrated from /etc/pihole/whitelist.txt"
326,0,humblebundle.com,1,1579457040,1610849371,"Migrated from /etc/pihole/whitelist.txt"
327,0,kickstarter.com,1,1579457040,1610849371,"Migrated from /etc/pihole/whitelist.txt"
328,0,emails.kickstarter.com,1,1579457040,1610849371,"Migrated from /etc/pihole/whitelist.txt"
329,0,sls.update.microsoft.com,1,1579457040,1610849371,"Migrated from /etc/pihole/whitelist.txt"
330,0,boardgamegeek.com,1,1579457040,1610849371,"Migrated from /etc/pihole/whitelist.txt"
331,0,jayscustomcreations.com,1,1579457040,1610849371,"Migrated from /etc/pihole/whitelist.txt"
332,0,badgerandblade.com,1,1579457040,1610849371,"Migrated from /etc/pihole/whitelist.txt"
333,0,www.mi.com,1,1579457040,1610849371,"Migrated from /etc/pihole/whitelist.txt"
334,0,www.ccleaner.com,1,1579457040,1610849371,"Migrated from /etc/pihole/whitelist.txt"
335,0,firebasestorage.googleapis.com,1,1579457040,1610849371,"Migrated from /etc/pihole/whitelist.txt"
336,0,csi.gstatic.com,1,1579457040,1610849371,"Migrated from /etc/pihole/whitelist.txt"
337,0,instagram.com,1,1579457040,1610849371,"Migrated from /etc/pihole/whitelist.txt"
338,0,api.ecobee.com,1,1579457040,1610849371,"Migrated from /etc/pihole/whitelist.txt"
339,0,clientstream.launchdarkly.com,1,1579457040,1610849371,"Migrated from /etc/pihole/whitelist.txt"
340,0,mobile.launchdarkly.com,1,1579457040,1610849371,"Migrated from /etc/pihole/whitelist.txt"
341,0,road.cc,1,1579457040,1610849371,"Migrated from /etc/pihole/whitelist.txt"
342,0,cmp-cdn.ghostery.com,1,1579457040,1610849371,"Migrated from /etc/pihole/whitelist.txt"
343,0,msg.aliexpress.com,1,1579457040,1610849371,"Migrated from /etc/pihole/whitelist.txt"
344,0,track.aliexpress.com,1,1579457040,1610849371,"Migrated from /etc/pihole/whitelist.txt"
345,0,is.alicdn.com,1,1579457040,1610849371,"Migrated from /etc/pihole/whitelist.txt"
346,0,u.alicdn.com,1,1579457040,1610849371,"Migrated from /etc/pihole/whitelist.txt"
347,0,www.techrepublic.com,1,1579457040,1610849371,"Migrated from /etc/pihole/whitelist.txt"
348,0,www.roadandtrack.com,1,1579457040,1610849371,"Migrated from /etc/pihole/whitelist.txt"
349,0,maps.googleapis.com,1,1579457040,1610849371,"Migrated from /etc/pihole/whitelist.txt"
350,0,www.gearbest.com,1,1579457040,1610849371,"Migrated from /etc/pihole/whitelist.txt"
351,0,docs.wixstatic.com,1,1579457040,1610849371,"Migrated from /etc/pihole/whitelist.txt"
352,0,frog.wix.com,1,1579457040,1610849371,"Migrated from /etc/pihole/whitelist.txt"
353,0,fls-na.amazon.ca,1,1579457040,1610849371,"Migrated from /etc/pihole/whitelist.txt"
354,0,swappa.com,1,1579457040,1610849371,"Migrated from /etc/pihole/whitelist.txt"
355,0,tracking.octoprint.org,1,1579457040,1610849371,"Migrated from /etc/pihole/whitelist.txt"
356,0,ads-serve.brave.com,1,1579457040,1610849371,"Migrated from /etc/pihole/whitelist.txt"
357,0,client.wns.windows.com,1,1579457040,1610849371,"Migrated from /etc/pihole/whitelist.txt"
358,0,storeedgefd.dsx.mp.microsoft.com,1,1579457040,1610849371,"Migrated from /etc/pihole/whitelist.txt"
359,0,fe3.delivery.mp.microsoft.com,1,1579457040,1610849371,"Migrated from /etc/pihole/whitelist.txt"
360,0,tlu.dl.delivery.mp.microsoft.com,1,1579457040,1610849372,"Migrated from /etc/pihole/whitelist.txt"
361,0,forms.gle,1,1579457040,1610849372,"Migrated from /etc/pihole/whitelist.txt"
362,0,web.archive.org,1,1579457040,1610849372,"Migrated from /etc/pihole/whitelist.txt"
363,0,codeload.github.com,1,1579457040,1610849372,"Migrated from /etc/pihole/whitelist.txt"
364,0,gateway.reddit.com,1,1579457040,1610849372,"Migrated from /etc/pihole/whitelist.txt"
365,0,graphql.epicgames.com,1,1579457040,1610849372,"Migrated from /etc/pihole/whitelist.txt"
366,0,www.osha.gov,1,1579457040,1610849372,"Migrated from /etc/pihole/whitelist.txt"
367,0,g.alicdn.com,1,1579457040,1610849372,"Migrated from /etc/pihole/whitelist.txt"
368,0,m.banggood.com,1,1579457040,1610849372,"Migrated from /etc/pihole/whitelist.txt"
369,0,banggood.com,1,1579457040,1610849372,"Migrated from /etc/pihole/whitelist.txt"
370,0,www.banggood.com,1,1579457040,1610849372,"Migrated from /etc/pihole/whitelist.txt"
371,0,dccss.banggood.com,1,1579457040,1610849372,"Migrated from /etc/pihole/whitelist.txt"
372,0,css.banggood.com,1,1579457040,1610849372,"Migrated from /etc/pihole/whitelist.txt"
373,0,efukt.com,1,1579457040,1610849372,"Migrated from /etc/pihole/whitelist.txt"
374,0,motherless.com,1,1579457040,1610849372,"Migrated from /etc/pihole/whitelist.txt"
375,0,www.evite.com,1,1579457040,1610849372,"Migrated from /etc/pihole/whitelist.txt"
376,0,www.ifixit.com,1,1579457040,1610849372,"Migrated from /etc/pihole/whitelist.txt"
377,0,c.1password.com,1,1579457040,1610849372,"Migrated from /etc/pihole/whitelist.txt"
378,0,d.ghostery.com,1,1579457040,1610849372,"Migrated from /etc/pihole/whitelist.txt"
379,0,a4k.amazon.com,1,1579457040,1610849372,"Migrated from /etc/pihole/whitelist.txt"
380,0,fls-na.amazon.com,1,1579457040,1610849372,"Migrated from /etc/pihole/whitelist.txt"
381,0,dp-gw-na.amazon.com,1,1579457040,1610849372,"Migrated from /etc/pihole/whitelist.txt"
382,0,dp-discovery-na-ext.amazon.com,1,1579457040,1610849372,"Migrated from /etc/pihole/whitelist.txt"
383,0,device-messaging-na.amazon.com,1,1579457040,1610849372,"Migrated from /etc/pihole/whitelist.txt"
384,0,dcape-na.amazon.com,1,1579457040,1610849372,"Migrated from /etc/pihole/whitelist.txt"
385,0,device-metrics-us.amazon.com,1,1579457040,1610849372,"Migrated from /etc/pihole/whitelist.txt"
386,0,mas-ext.amazon.com,1,1579457040,1610849372,"Migrated from /etc/pihole/whitelist.txt"
387,0,arcus-uswest.amazon.com,1,1579457040,1610849372,"Migrated from /etc/pihole/whitelist.txt"
388,0,d21m0ezw6fosyw.cloudfront.net,1,1579457040,1610849372,"Migrated from /etc/pihole/whitelist.txt"
389,0,d3h5bk8iotgjvw.cloudfront.net,1,1579457040,1610849372,"Migrated from /etc/pihole/whitelist.txt"
390,0,prod.amazoncrl.com,1,1579457040,1610849372,"Migrated from /etc/pihole/whitelist.txt"
391,0,kinesis.us-east-1.amazonaws.com,1,1579457040,1610849372,"Migrated from /etc/pihole/whitelist.txt"
392,0,kinja.com,1,1579457040,1610849372,"Migrated from /etc/pihole/whitelist.txt"
393,0,lifehacker.com,1,1579457040,1610849372,"Migrated from /etc/pihole/whitelist.txt"
394,0,flingtrainer.com,1,1579457040,1610849372,"Migrated from /etc/pihole/whitelist.txt"
395,0,ui.com,1,1579457040,1610849372,"Migrated from /etc/pihole/whitelist.txt"
396,0,activation.phaseone.com,1,1579457040,1610849372,"Migrated from /etc/pihole/whitelist.txt"
397,0,emby.media,1,1579457040,1610849372,"Migrated from /etc/pihole/whitelist.txt"
398,0,www.contractortalk.com,1,1579457040,1610849372,"Migrated from /etc/pihole/whitelist.txt"
399,0,www.nhtsa.gov,1,1579457040,1610849372,"Migrated from /etc/pihole/whitelist.txt"
400,1,epdg.epc.mnc780.mcc302.pub.3gppnetwork.org,1,1579457040,1610849349,"Migrated from /etc/pihole/blacklist.txt"
401,1,xblcxplatqos-brs-9-18-2-0.cloudapp.net,1,1579457040,1610849349,"Migrated from /etc/pihole/blacklist.txt"
402,1,trace.svc.ui.com,1,1579457040,1610849349,"Migrated from /etc/pihole/blacklist.txt"
403,1,ping.ui.com,1,1579457040,1610849349,"Migrated from /etc/pihole/blacklist.txt"
404,1,media.flixcar.com,1,1579457040,1610849349,"Migrated from /etc/pihole/blacklist.txt"
405,1,front7.omegle.com.olson,1,1579457040,1610849349,"Migrated from /etc/pihole/blacklist.txt"
406,3,^ad(x|v)?[0-9]*[-_.],1,1579457041,1610849349,"Migrated from /etc/pihole/regex.list"
407,3,^ads[0-9]*[-_.],1,1579457041,1610849349,"Migrated from /etc/pihole/regex.list"
408,3,^advert(s|is(ing|ements?))?[0-9]*[-_.],1,1579457041,1610849349,"Migrated from /etc/pihole/regex.list"
409,3,^adse?rv(e(rs?)?|ices?)?[0-9]*[-.],1,1579457041,1610849349,"Migrated from /etc/pihole/regex.list"
410,3,^adtrack(er|ing)?[0-9]*[-.],1,1579457041,1610849349,"Migrated from /etc/pihole/regex.list"
411,3,^aff(iliat(es?|ion))?[-.],1,1579457041,1610849349,"Migrated from /etc/pihole/regex.list"
412,3,^amazon-ads?[.-],1,1579457041,1610849349,"Migrated from /etc/pihole/regex.list"
413,3,^analytics?[-.],1,1579457041,1610849349,"Migrated from /etc/pihole/regex.list"
414,3,^banners?[-.],1,1579457041,1610849349,"Migrated from /etc/pihole/regex.list"
415,3,^beacons?[0-9]*[-.],1,1579457041,1610849349,"Migrated from /etc/pihole/regex.list"
416,3,^clicks?[-.],1,1579457041,1610849349,"Migrated from /etc/pihole/regex.list"
417,3,^count(ers?)?[0-9]*[-.],1,1579457041,1610849349,"Migrated from /etc/pihole/regex.list"
418,3,^pixels?[-.],1,1579457041,1610849349,"Migrated from /etc/pihole/regex.list"
419,3,^stat(s|istics)?[0-9]*[-.],1,1579457041,1610849349,"Migrated from /etc/pihole/regex.list"
420,3,^track(er|ing)?[0-9]*[-.],1,1579457041,1610849349,"Migrated from /etc/pihole/regex.list"
421,3,^traff(ic)?[-.],1,1579457041,1610849349,"Migrated from /etc/pihole/regex.list"
422,3,^(.+[_.-])?ad[sxv]?[0-9]*[_.-],1,1579457041,1610849349,"Migrated from /etc/pihole/regex.list"
423,3,^(.+[_.-])?adse?rv(er?|ice)?s?[0-9]*[_.-],1,1579457041,1610849349,"Migrated from /etc/pihole/regex.list"
424,3,^(.+[_.-])?telemetry[_.-],1,1579457041,1610849349,"Migrated from /etc/pihole/regex.list"
425,3,^(www[0-9]*\.)?xn--,1,1579457041,1610849349,"Migrated from /etc/pihole/regex.list"
426,3,^adim(age|g)s?[0-9]*[_.-],1,1579457041,1610849349,"Migrated from /etc/pihole/regex.list"
427,3,^adtrack(er|ing)?[0-9]*[_.-],1,1579457041,1610849349,"Migrated from /etc/pihole/regex.list"
428,3,^advert(s|is(ing|ements?))?[0-9]*[_.-],1,1579457041,1610849349,"Migrated from /etc/pihole/regex.list"
429,3,^aff(iliat(es?|ion))?[_.-],1,1579457041,1610849350,"Migrated from /etc/pihole/regex.list"
430,3,^analytics?[_.-],1,1579457041,1610849350,"Migrated from /etc/pihole/regex.list"
431,3,^banners?[_.-],1,1579457041,1610849350,"Migrated from /etc/pihole/regex.list"
432,3,^beacons?[0-9]*[_.-],1,1579457041,1610849350,"Migrated from /etc/pihole/regex.list"
433,3,^count(ers?)?[0-9]*[_.-],1,1579457041,1610849350,"Migrated from /etc/pihole/regex.list"
434,3,^mads\.,1,1579457041,1610849350,"Migrated from /etc/pihole/regex.list"
435,3,^stat(s|istics)?[0-9]*[_.-],1,1579457041,1610849350,"Migrated from /etc/pihole/regex.list"
436,3,^track(ers?|ing)?[0-9]*[_.-],1,1579457041,1610849350,"Migrated from /etc/pihole/regex.list"
437,3,^traff(ic)?[.-],1,1579457041,1610849350,"Migrated from /etc/pihole/regex.list"
438,3,(^|\.)247realmedia\.com$,1,1579457041,1610849350,"Migrated from /etc/pihole/regex.list"
439,3,(^|\.)2cnt\.net$,1,1579457041,1610849350,"Migrated from /etc/pihole/regex.list"
440,3,(^|\.)2mdn\.net$,1,1579457041,1610849350,"Migrated from /etc/pihole/regex.list"
441,3,(^|\.)2o7\.net$,1,1579457041,1610849350,"Migrated from /etc/pihole/regex.list"
442,3,(^|\.)302br\.net$,1,1579457041,1610849350,"Migrated from /etc/pihole/regex.list"
443,3,(^|\.)51yes\.com$,1,1579457041,1610849350,"Migrated from /etc/pihole/regex.list"
444,3,(^|\.)adition\.com$,1,1579457041,1610849350,"Migrated from /etc/pihole/regex.list"
445,3,(^|\.)adk2\.co$,1,1579457041,1610849350,"Migrated from /etc/pihole/regex.list"
446,3,(^|\.)adnxs\.com$,1,1579457041,1610849350,"Migrated from /etc/pihole/regex.list"
447,3,(^|\.)adocean\.pl$,1,1579457041,1610849350,"Migrated from /etc/pihole/regex.list"
448,3,(^|\.)adtech\.$,1,1579457041,1610849350,"Migrated from /etc/pihole/regex.list"
449,3,(^|\.)alphonso\.tv$,1,1579457041,1610849350,"Migrated from /etc/pihole/regex.list"
450,3,(^|\.)am15\.net$,1,1579457041,1610849350,"Migrated from /etc/pihole/regex.list"
451,3,(^|\.)amazon-adsystem\.com$,1,1579457041,1610849350,"Migrated from /etc/pihole/regex.list"
452,3,(^|\.)aviasales\.ru$,1,1579457041,1610849350,"Migrated from /etc/pihole/regex.list"
453,3,(^|\.)bitterstrawberry\.com$,1,1579457041,1610849350,"Migrated from /etc/pihole/regex.list"
454,3,(^|\.)bravenet\.com$,1,1579457041,1610849350,"Migrated from /etc/pihole/regex.list"
455,3,(^|\.)casalemedia\.com$,1,1579457041,1610849350,"Migrated from /etc/pihole/regex.list"
456,3,(^|\.)checkm8\.com$,1,1579457041,1610849350,"Migrated from /etc/pihole/regex.list"
457,3,(^|\.)cjt1\.net$,1,1579457041,1610849350,"Migrated from /etc/pihole/regex.list"
458,3,(^|\.)cnzz\.com$,1,1579457041,1610849350,"Migrated from /etc/pihole/regex.list"
459,3,(^|\.)consensu\.org$,1,1579457041,1610849350,"Migrated from /etc/pihole/regex.list"
460,3,(^|\.)criteo\.com$,1,1579457041,1610849350,"Migrated from /etc/pihole/regex.list"
461,3,(^|\.)crypto-loot\.com$,1,1579457041,1610849350,"Migrated from /etc/pihole/regex.list"
462,3,(^|\.)demdex\.net$,1,1579457041,1610849350,"Migrated from /etc/pihole/regex.list"
463,3,(^|\.)doubleclick\.net$,1,1579457041,1610849350,"Migrated from /etc/pihole/regex.list"
464,3,(^|\.)doublepimp\.com$,1,1579457041,1610849350,"Migrated from /etc/pihole/regex.list"
465,3,(^|\.)dynamicyield\.com$,1,1579457041,1610849350,"Migrated from /etc/pihole/regex.list"
466,3,(^|\.)dynatrace\.com$,1,1579457041,1610849350,"Migrated from /etc/pihole/regex.list"
467,3,(^|\.)esomniture\.com$,1,1579457041,1610849351,"Migrated from /etc/pihole/regex.list"
468,3,(^|\.)exacttarget\.com$,1,1579457041,1610849351,"Migrated from /etc/pihole/regex.list"
469,3,(^|\.)ezcybersearch\.com$,1,1579457041,1610849351,"Migrated from /etc/pihole/regex.list"
470,3,(^|\.)fastclick\.net$,1,1579457041,1610849351,"Migrated from /etc/pihole/regex.list"
471,3,(^|\.)focalink\.com$,1,1579457041,1610849351,"Migrated from /etc/pihole/regex.list"
472,3,(^|\.)force\.com$,1,1579457041,1610849351,"Migrated from /etc/pihole/regex.list"
473,3,(^|\.)fyber\.com$,1,1579457041,1610849351,"Migrated from /etc/pihole/regex.list"
474,3,(^|\.)gemius\.pl$,1,1579457041,1610849351,"Migrated from /etc/pihole/regex.list"
475,3,(^|\.)geovisite\.com$,1,1579457041,1610849351,"Migrated from /etc/pihole/regex.list"
476,3,(^|\.)gigya\.com$,1,1579457041,1610849351,"Migrated from /etc/pihole/regex.list"
477,3,(^|\.)go2affise\.com$,1,1579457041,1610849351,"Migrated from /etc/pihole/regex.list"
478,3,(^|\.)go2cloud\.org$,1,1579457041,1610849351,"Migrated from /etc/pihole/regex.list"
479,3,(^|\.)hitbox\.com$,1,1579457041,1610849351,"Migrated from /etc/pihole/regex.list"
480,3,(^|\.)hittail\.com$,1,1579457041,1610849351,"Migrated from /etc/pihole/regex.list"
481,3,(^|\.)imprev\.net$,1,1579457041,1610849351,"Migrated from /etc/pihole/regex.list"
482,3,(^|\.)imrworldwide\.com$,1,1579457041,1610849351,"Migrated from /etc/pihole/regex.list"
483,3,(^|\.)intellitxt\.com$,1,1579457041,1610849351,"Migrated from /etc/pihole/regex.list"
484,3,(^|\.)ivwbox\.de$,1,1579457041,1610849351,"Migrated from /etc/pihole/regex.list"
485,3,(^|\.)jmp9\.com$,1,1579457041,1610849351,"Migrated from /etc/pihole/regex.list"
486,3,(^|\.)justclick\.ru$,1,1579457041,1610849351,"Migrated from /etc/pihole/regex.list"
487,3,(^|\.)kaffnet\.com$,1,1579457041,1610849351,"Migrated from /etc/pihole/regex.list"
488,3,(^|\.)kargo\.com$,1,1579457041,1610849351,"Migrated from /etc/pihole/regex.list"
489,3,(^|\.)liveadvert\.com$,1,1579457041,1610849351,"Migrated from /etc/pihole/regex.list"
490,3,(^|\.)livefyre\.com$,1,1579457041,1610849351,"Migrated from /etc/pihole/regex.list"
491,3,(^|\.)marketo\.com$,1,1579457041,1610849351,"Migrated from /etc/pihole/regex.list"
492,3,(^|\.)midasplayer\.com$,1,1579457041,1610849351,"Migrated from /etc/pihole/regex.list"
493,3,(^|\.)mookie1\.com$,1,1579457041,1610849351,"Migrated from /etc/pihole/regex.list"
494,3,(^|\.)mydas\.mobi$,1,1579457041,1610849351,"Migrated from /etc/pihole/regex.list"
495,3,(^|\.)nuggad\.net$,1,1579457041,1610849351,"Migrated from /etc/pihole/regex.list"
496,3,(^|\.)oewabox\.at$,1,1579457041,1610849351,"Migrated from /etc/pihole/regex.list"
497,3,(^|\.)omtrdc\.net$,1,1579457041,1610849351,"Migrated from /etc/pihole/regex.list"
498,3,(^|\.)openx\.net$,1,1579457041,1610849351,"Migrated from /etc/pihole/regex.list"
499,3,(^|\.)paperg\.com$,1,1579457041,1610849351,"Migrated from /etc/pihole/regex.list"
500,3,(^|\.)paycount\.com$,1,1579457041,1610849351,"Migrated from /etc/pihole/regex.list"
501,3,(^|\.)popupad\.net$,1,1579457041,1610849351,"Migrated from /etc/pihole/regex.list"
502,3,(^|\.)reporo\.net$,1,1579457041,1610849351,"Migrated from /etc/pihole/regex.list"
503,3,(^|\.)returnpath\.net$,1,1579457041,1610849351,"Migrated from /etc/pihole/regex.list"
504,3,(^|\.)rubiconproject\.com$,1,1579457041,1610849351,"Migrated from /etc/pihole/regex.list"
505,3,(^|\.)servedbyopenx\.com$,1,1579457041,1610849351,"Migrated from /etc/pihole/regex.list"
506,3,(^|\.)sexybabesx\.com$,1,1579457041,1610849351,"Migrated from /etc/pihole/regex.list"
507,3,(^|\.)sitemeter\.com$,1,1579457041,1610849352,"Migrated from /etc/pihole/regex.list"
508,3,(^|\.)smaato\.net$,1,1579457041,1610849352,"Migrated from /etc/pihole/regex.list"
509,3,(^|\.)smartadserver\.com$,1,1579457041,1610849352,"Migrated from /etc/pihole/regex.list"
510,3,(^|\.)spylog\.com$,1,1579457041,1610849352,"Migrated from /etc/pihole/regex.list"
511,3,(^|\.)startapp(exchange|network|service)\.com$,1,1579457041,1610849352,"Migrated from /etc/pihole/regex.list"
512,3,(^|\.)statcounter\.com$,1,1579457041,1610849352,"Migrated from /etc/pihole/regex.list"
513,3,(^|\.)taboola\.com$,1,1579457041,1610849352,"Migrated from /etc/pihole/regex.list"
514,3,(^|\.)thruport\.com$,1,1579457041,1610849352,"Migrated from /etc/pihole/regex.list"
515,3,(^|\.)tradedoubler\.com$,1,1579457041,1610849352,"Migrated from /etc/pihole/regex.list"
516,3,(^|\.)voluumtrk\.com$,1,1579457041,1610849352,"Migrated from /etc/pihole/regex.list"
517,3,(^|\.)webtrekk\.net$,1,1579457041,1610849352,"Migrated from /etc/pihole/regex.list"
518,3,(^|\.)xiti\.com$,1,1579457041,1610849352,"Migrated from /etc/pihole/regex.list"
519,3,(^|\.)zedo\.com$,1,1579457041,1610849352,"Migrated from /etc/pihole/regex.list"
520,3,(^|\.)zeroredirect1\.com$,1,1579457041,1610849352,"Migrated from /etc/pihole/regex.list"
521,3,(ads|logs)\.roku\.com$(^|.)ru$,1,1579457041,1610849352,"Migrated from /etc/pihole/regex.list"
522,3,(^|.)gdn$,1,1579457041,1610849352,"Migrated from /etc/pihole/regex.list"
523,3,(^|.)work$,1,1579457041,1610849352,"Migrated from /etc/pihole/regex.list"
524,3,(^|.)ooo$,1,1579457041,1610849352,"Migrated from /etc/pihole/regex.list"
525,3,(^|.)loan$,1,1579457041,1610849352,"Migrated from /etc/pihole/regex.list"
526,3,(^|.)date$,1,1579457041,1610849352,"Migrated from /etc/pihole/regex.list"
527,3,(^|.)racing$,1,1579457041,1610849352,"Migrated from /etc/pihole/regex.list"
528,3,(^|.)world$,1,1579457041,1610849352,"Migrated from /etc/pihole/regex.list"
529,3,(^|.)biz$,1,1579457041,1610849352,"Migrated from /etc/pihole/regex.list"
531,3,(^|.)life$,1,1579457041,1610849352,"Migrated from /etc/pihole/regex.list"
532,3,(^|.)top$,1,1579457041,1610849352,"Migrated from /etc/pihole/regex.list"
533,3,(^|\.)xpressunblock\.com$,1,1579457041,1610849352,"Migrated from /etc/pihole/regex.list"
534,3,(^|.)ru$,1,1579457041,1610849352,"Migrated from /etc/pihole/regex.list"
535,3,^pfmsqosprod?[.-],1,1579457041,1610849352,"Migrated from /etc/pihole/regex.list"
536,3,(^|\.)pulsar\.ebay\.com$,1,1579457041,1610849352,"Migrated from /etc/pihole/regex.list"
537,3,(^|\.)treebay\.ebayclassifiedsgroup\.com$,1,1579457041,1610849352,"Migrated from /etc/pihole/regex.list"
538,3,(^|\.)omegle\.com$,1,1579457041,1610849352,"Migrated from /etc/pihole/regex.list"
539,3,(^|\.)chathub\.com$,1,1579457041,1610849352,"Migrated from /etc/pihole/regex.list"
540,3,(^|\.)chathub\.cam$,1,1579457041,1610849352,"Migrated from /etc/pihole/regex.list"
541,3,(^|\.)chatroulette\.com$,1,1579457041,1610849352,"Migrated from /etc/pihole/regex.list"
542,3,(^|\.)lum-sdk\.io$,1,1579457041,1610849352,"Migrated from /etc/pihole/regex.list"
543,3,(^|\.)luminatinet\.com$,1,1579457041,1610849352,"Migrated from /etc/pihole/regex.list"
544,3,(^|\.)h-vpn\.org$,1,1579457041,1610849352,"Migrated from /etc/pihole/regex.list"
545,3,(^|\.)svd-cdn\.com$,1,1579457041,1610849352,"Migrated from /etc/pihole/regex.list"
546,3,(^|\.)luminati\.io$,1,1579457041,1610849352,"Migrated from /etc/pihole/regex.list"
547,3,(^|\.)lumtest\.com$,1,1579457041,1610849352,"Migrated from /etc/pihole/regex.list"
548,3,(^|\.)hola\.org$,1,1579457041,1610849352,"Migrated from /etc/pihole/regex.list"
549,3,(^|\.)s-microsoft\.com$,1,1579457041,1610849352,"Migrated from /etc/pihole/regex.list"
550,3,^proxyjs[-.],1,1579457041,1610849352,"Migrated from /etc/pihole/regex.list"
551,3,^perr[-.],1,1579457041,1610849352,"Migrated from /etc/pihole/regex.list"
552,3,^dns-test?[-.],1,1579457041,1610849352,"Migrated from /etc/pihole/regex.list"
553,3,^http-test?[-.],1,1579457041,1610849352,"Migrated from /etc/pihole/regex.list"
554,0,www.alibaba.com,1,1579623908,1610849372,""
555,0,img.alicdn.com,1,1579623990,1610849372,""
557,3,(^|.)cn$,1,1579624237,1610849352,""
558,0,3foutdoorstore.aliexpress.com,1,1579625909,1610849372,""
559,0,www.cdc.gov,1,1579924119,1610849372,""
560,0,ca.surveygizmo.com,1,1580320021,1610849372,""
561,0,waclighting-images.s3.amazonaws.com,1,1580417445,1610849372,""
562,1,auth-api.cryptocompare.com,1,1581621423,1610849349,""
563,1,cryptocompare.azureedge.net,1,1581621442,1610849349,""
564,1,www.cryptocompare.com,1,1581621448,1610849349,""
565,1,api.taxamo.com,1,1581621471,1610849349,""
566,1,min-api.cryptocompare.com,1,1581621485,1610849349,""
568,0,slscr.update.microsoft.com,1,1581708282,1610849372,""
569,0,wealthsimple-ui.s3.amazonaws.com,1,1582143982,1610849372,""
570,0,ws-auth-service-production.s3.amazonaws.com,1,1582145710,1610849372,""
571,0,ws-cards-service.s3.amazonaws.com,1,1582224293,1610849372,""
572,0,emaillinks.neatorobotics.com,1,1582677320,1610849372,
573,0,neatorobotics.s3.amazonaws.com,1,1582693599,1610849372,
574,0,www.ebates.com,1,1582734225,1610849372,
575,0,spectrum.s3.amazonaws.com,1,1584210910,1610849372,
576,0,tracking.costco.ca,1,1585838123,1610849372,
577,0,self.events.data.microsoft.com,1,1586205046,1610849372,
579,0,www.sadanduseless.com,1,1586314261,1610849372,
580,0,accounts.us1.gigya.com,1,1586577838,1610849372,
581,0,traffic.omny.fm,1,1586879972,1610849372,
582,0,alb.reddit.com,1,1587410656,1610849372,
583,0,api.mapbox.com,1,1588270119,1610849372,
584,1,rum.slga.com,1,1589467940,1610849349,
585,1,rum.olson,1,1589467946,1610849349,
586,1,tiemaster.slga.com,1,1589467950,1610849349,
587,1,tieslave.slga.com,1,1589467955,1610849349,
588,1,legacydb-q.slga.com,1,1589467959,1610849349,
589,1,legacydb-q.olson,1,1589467964,1610849349,
590,1,ipa.slga.com,1,1589467969,1610849349,
591,0,www.dcrainmaker.com,1,1589839069,1610849372,
592,0,ablink.ironmanvc.com,1,1589895236,1610849372,
593,0,bnc.lt,1,1589895247,1610849372,
594,0,www.acadiaforum.net,1,1589990686,1610849372,
595,0,www.focusfanatics.com,1,1589990735,1610849372,
596,2,(\.|^)dl\.delivery\.mp\.microsoft\.com$,1,1590007673,1610849376,""
597,2,(\.|^)download\.windowsupdate\.com$,1,1590007701,1610849376,""
598,2,(\.|^)windowsupdate\.com$,1,1590007708,1610849376,""
599,2,(\.|^)delivery\.dsp\.mp\.microsoft\.com\.nsatc\.net$,1,1590007717,1610849376,""
600,0,emdl.ws.microsoft.com,1,1590007728,1610849372,""
601,0,hwcdn.net,1,1590007767,1610849372,""
602,0,prod.do.dsp.mp.microsoft.com,1,1590007773,1610849372,""
603,0,wac.phicdn.net,1,1590007779,1610849372,""
604,0,dsp.mp.microsoft.com.nsatc.net,1,1590007800,1610849372,""
605,0,cs9.wac.phicdn.net,1,1590007807,1610849372,""
606,0,fe3.update.microsoft.com,1,1590007816,1610849372,""
607,0,store-images.s-microsoft.com,1,1590007844,1610849372,
608,0,github-production-release-asset-2e65be.s3.amazonaws.com,1,1590153882,1610849372,
609,0,www.odyclub.com,1,1590541299,1610849372,
610,0,www.ridgelineownersclub.com,1,1590716251,1610849372,
611,0,www.popupexplorer.com,1,1590807245,1610849372,
612,0,www.trukx.com,1,1590807646,1610849372,
613,0,track.spe.schoolmessenger.com,1,1590843389,1610849372,
614,0,rv.net,1,1590901066,1610849372,
615,0,outdoorsmagic.com,1,1590981937,1610849372,
616,0,www.rvitch.com,1,1591113226,1610849372,
617,0,www.theonion.com,1,1591120717,1610849373,
618,0,www.rcgroups.com,1,1591418172,1610849373,
619,0,s3.ca-central-1.amazonaws.com,1,1591625417,1610849373,
622,0,www.daemon-tools.cc,1,1592055958,1610849373,
623,0,www.theroot.com,1,1592079584,1610849373,
624,3,^log.*tiktokv.com,1,1593704308,1610849352,""
625,1,dumpster.console.gotoassist.com,1,1593704416,1610849349,
626,3,(^|.)ltd$,1,1594868316,1610849352,
627,3,(\.|^)gdbrwsgnte\.org$,1,1595001696,1610849352,
628,0,trade.aliexpress.com,1,1595879884,1610849373,"Added from Query Log"
629,0,fourseasons.rvcatalogue.ca,1,1595973874,1610849373,"Added from Query Log"
630,0,best.aliexpress.com,1,1598365539,1610849373,"Added from Query Log"
631,0,www.bikepedia.com,1,1598477596,1610849374,"Added from Query Log"
632,0,www.snopes.com,1,1598896088,1610849375,"Added from Query Log"
633,0,g2a.com,1,1600357308,1610849375,"Added from Query Log"
634,0,fastsupport.gotoassist.com,1,1600708037,1610849375,"Added from Query Log"
635,0,download.lenovo.com,1,1600791136,1610849375,"Added from Query Log"
636,0,autosug.ebaystatic.com,1,1601823927,1610849375,"Added from Query Log"
637,0,home.aliexpress.com,1,1601998550,1610849375,"Added from Query Log"
638,0,star.aliexpress.com,1,1601998587,1610849375,"Added from Query Log"
639,0,click.email.wealthsimple.com,1,1602170942,1610849375,"Added from Query Log"
640,0,search4277.used-auto-parts.biz,1,1603292798,1610849375,"Added from Query Log"
641,0,www.sportinglife.ca,1,1603379652,1610849375,"Added from Query Log"
642,0,www.snowblowerforum.com,1,1604894588,1610849375,"Added from Query Log"
643,0,www.sheldonbrown.com,1,1605554908,1610849376,"Added from Query Log"
644,0,login.yahoo.com,1,1605634992,1610849376,"Added from Query Log"
646,0,stockhouse.com,1,1605839113,1610849376,"Added from Query Log"
647,0,www.theguardian.com,1,1606582522,1610849376,"Added from Query Log"
648,0,api.videometrics.ted.com,1,1607001961,1610849376,"Added from Query Log"
649,0,www.f150ecoboost.net,1,1607647856,1610849376,"Added from Query Log"
650,0,ubisoft-uplay-savegames.s3.amazonaws.com,1,1607704547,1610849376,"Added from Query Log"
651,0,energetic3d.aliexpress.com,1,1611237317,1611237317,
652,0,tracking.pb.com,1,1611603375,1611603375,"Added from Query Log"
653,0,heartbeat.dm.origin.com,1,1612060774,1612060774,"Added from Query Log"
654,3,(\.|^)clarity\.ms$,1,1613050274,1613050274,
